System,Total Questions,Valid Predictions,Success Rate,ROUGE-1,ROUGE-2,ROUGE-L,BLEU,BERTScore F1,Avg Time (s),Total Time (s)
STARK-QA,100,100,1.0,0.4643653374849569,0.2649767739999938,0.46188413447743815,0.08969059823492186,0.896839439868927,1.7028361654281616,170.28361654281616
Basic-RAG,100,100,1.0,0.15575817925916247,0.09675072658614364,0.14767160220136444,0.06230673572434078,0.8385589122772217,0.002999880313873291,0.2999880313873291
Basic-KAG,100,100,1.0,0.09446393107968562,0.016178722847201107,0.08314111274953563,0.010756240839538833,0.829843282699585,0.009320721626281739,0.9320721626281738
